IAVELEY2;partlycloudy;1472666400
IAVELEY3;partlycloudy;1472666400
IBARKING2;partlycloudy;1472666400
IBERKSHI18;partlycloudy;1472666400
IBIGGINH2;partlycloudy;1472666400
IBRENTFO2;partlycloudy;1472666400
IBRENTWO2;partlycloudy;1472666400
IBRENTWO6;partlycloudy;1472666400
IBRENTWO7;partlycloudy;1472666400
IBROMLEY10;partlycloudy;1472666400
IBROMLEY15;partlycloudy;1472666400
IBROMLEY16;partlycloudy;1472666400
IBROMLEY2;partlycloudy;1472666400
IBROMLEY20;chancerain;1472641200
IBROMLEY26;chancerain;1472641200
IBROMLEY28;partlycloudy;1472666400
IBROMLEY36;partlycloudy;1472666400
IBROMLEY4;partlycloudy;1472666400
IBROMLEY40;partlycloudy;1472666400
IBROMLEY42;partlycloudy;1472666400
IBROMLEY44;partlycloudy;1472666400
IBROMLEY5;partlycloudy;1472666400
IBROMLEY6;partlycloudy;1472666400
IBROMLEY7;partlycloudy;1472666400
IBROMLEY8;partlycloudy;1472666400
IBUSHEY2;partlycloudy;1472666400
IBUSHEY3;partlycloudy;1472666400
IBUSHEY7;partlycloudy;1472666400
ICATERHA4;partlycloudy;1472666400
ICHALDON2;partlycloudy;1472666400
ICHALDON5;partlycloudy;1472666400
ICLAYGAT4;partlycloudy;1472666400
ICLAYGAT7;partlycloudy;1472666400
ICOULSDO3;partlycloudy;1472666400
ICOULSDO4;partlycloudy;1472666400
ICOULSDO5;partlycloudy;1472666400
ICROCKEN2;partlycloudy;1472666400
ICROCKEN2;partlycloudy;1472666400
ICROYDON12;partlycloudy;1472666400
ICROYDON16;partlycloudy;1472666400
ICROYDON2;partlycloudy;1472666400
ICROYDON3;partlycloudy;1472666400
ICROYDON5;partlycloudy;1472666400
ICROYDON6;partlycloudy;1472666400
ICROYDON6;partlycloudy;1472666400
IDAGENHA2;partlycloudy;1472666400
IDAGENHA3;partlycloudy;1472666400
IEALING3;partlycloudy;1472666400
IEALING4;partlycloudy;1472666400
IEASTMOL10;partlycloudy;1472666400
IEASTMOL11;partlycloudy;1472666400
IEASTMOL2;partlycloudy;1472666400
IEASTMOL4;partlycloudy;1472666400
IEDGWARE10;partlycloudy;1472666400
IENGLAND1059;partlycloudy;1472666400
IENGLAND1300;partlycloudy;1472666400
IENGLAND370;partlycloudy;1472666400
IENGLAND583;partlycloudy;1472666400
IENGLAND829;partlycloudy;1472666400
IENGLAND856;partlycloudy;1472666400
IENGLAND870;partlycloudy;1472666400
IEPSOM14;partlycloudy;1472666400
IESHER10;partlycloudy;1472666400
IESHER2;partlycloudy;1472666400
IESHER3;partlycloudy;1472666400
IESSEXLO5;partlycloudy;1472666400
IGEORGEG2;partlycloudy;1472666400
IGRAYS10;partlycloudy;1472666400
IGRAYS7;partlycloudy;1472666400
IGREATER3;partlycloudy;1472666400
IGREATER38;partlycloudy;1472666400
IGREATER43;chancerain;1472641200
IGREATER48;partlycloudy;1472666400
IGREENFO2;partlycloudy;1472666400
IHALSTEA6;partlycloudy;1472666400
IHAMPTON7;partlycloudy;1472666400
IHARROW11;partlycloudy;1472666400
IHARROW13;partlycloudy;1472666400
IHARROW15;partlycloudy;1472666400
IHARROW17;partlycloudy;1472666400
IHARROW21;partlycloudy;1472666400
IHARROW3;partlycloudy;1472666400
IHARROW5;partlycloudy;1472666400
IHARROW9;partlycloudy;1472666400
IHAYES2;partlycloudy;1472666400
IHAYES3;partlycloudy;1472666400
IHILLING2;partlycloudy;1472666400
IHORNCHU10;partlycloudy;1472666400
IHORNCHU3;partlycloudy;1472666400
IHORNCHU5;partlycloudy;1472666400
IHORNCHU7;partlycloudy;1472666400
IHORNCHU8;partlycloudy;1472666400
IHOUNSLO11;partlycloudy;1472666400
IHOUNSLO2;partlycloudy;1472666400
IHOUNSLO4;partlycloudy;1472666400
IHOUNSLO6;partlycloudy;1472666400
IHOUNSLO7;partlycloudy;1472666400
IHOUNSLO9;partlycloudy;1472666400
IICKENHA2;partlycloudy;1472666400
IISLEWOR11;partlycloudy;1472666400
IISLEWOR7;partlycloudy;1472666400
IIVER4;partlycloudy;1472666400
IKENLEY2;partlycloudy;1472666400
IKENLEY3;partlycloudy;1472666400
IKENTCHI2;partlycloudy;1472666400
IKESTON2;partlycloudy;1472666400
IKINGSTO11;partlycloudy;1472666400
IKINGSTO23;partlycloudy;1472666400
ILONDON1085;partlycloudy;1472666400
ILONDON1116;partlycloudy;1472666400
ILONDON1118;partlycloudy;1472666400
ILONDON1143;partlycloudy;1472666400
ILONDON1161;partlycloudy;1472666400
ILONDON1172;partlycloudy;1472666400
ILONDON1191;partlycloudy;1472666400
ILONDON120;partlycloudy;1472666400
ILONDON1289;partlycloudy;1472666400
ILONDON1317;partlycloudy;1472666400
ILONDON1335;partlycloudy;1472666400
ILONDON1363;partlycloudy;1472666400
ILONDON1423;partlycloudy;1472666400
ILONDON1425;partlycloudy;1472666400
ILONDON1437;partlycloudy;1472666400
ILONDON1447;partlycloudy;1472666400
ILONDON1455;partlycloudy;1472666400
ILONDON147;partlycloudy;1472666400
ILONDON1477;chancerain;1472641200
ILONDON162;partlycloudy;1472666400
ILONDON185;partlycloudy;1472666400
ILONDON191;partlycloudy;1472666400
ILONDON216;partlycloudy;1472666400
ILONDON218;partlycloudy;1472666400
ILONDON224;partlycloudy;1472666400
ILONDON268;partlycloudy;1472666400
ILONDON286;partlycloudy;1472666400
ILONDON337;partlycloudy;1472666400
ILONDON340;partlycloudy;1472666400
ILONDON349;partlycloudy;1472666400
ILONDON420;partlycloudy;1472666400
ILONDON488;partlycloudy;1472666400
ILONDON634;partlycloudy;1472666400
ILONDON639;partlycloudy;1472666400
ILONDON648;partlycloudy;1472666400
ILONDON665;partlycloudy;1472666400
ILONDON759;partlycloudy;1472666400
ILONDON823;partlycloudy;1472666400
ILONDON997;partlycloudy;1472666400
IMIDDLES2;partlycloudy;1472666400
IMIDDLES21;partlycloudy;1472666400
IMIDDLES22;partlycloudy;1472666400
INEWADDI2;partlycloudy;1472666400
INEWADDI4;partlycloudy;1472666400
INEWMALD10;partlycloudy;1472666400
INEWMALD2;partlycloudy;1472666400
INEWMALD3;partlycloudy;1472666400
INEWMALD5;partlycloudy;1472666400
INORTHOL2;partlycloudy;1472666400
INORTHWO2;partlycloudy;1472666400
IORPINGT10;partlycloudy;1472666400
IORPINGT11;partlycloudy;1472666400
IORPINGT13;partlycloudy;1472666400
IORPINGT14;partlycloudy;1472666400
IORPINGT15;partlycloudy;1472666400
IORPINGT17;partlycloudy;1472666400
IORPINGT2;partlycloudy;1472666400
IORPINGT3;partlycloudy;1472666400
IORPINGT5;partlycloudy;1472666400
IORPINGT6;partlycloudy;1472666400
IORPINGT7;partlycloudy;1472666400
IPINNER2;partlycloudy;1472666400
IPINNER4;partlycloudy;1472666400
IPINNER5;partlycloudy;1472666400
IPURLEY10;partlycloudy;1472666400
IPURLEY11;partlycloudy;1472666400
IPURLEY13;partlycloudy;1472666400
IPURLEY3;partlycloudy;1472666400
IPURLEY6;partlycloudy;1472666400
IRAINHAM3;partlycloudy;1472666400
IRAINHAM5;partlycloudy;1472666400
IRAINHAM7;partlycloudy;1472666400
IRAINHAM8;partlycloudy;1472666400
IRICHMON10;partlycloudy;1472666400
IRICHMON11;partlycloudy;1472666400
IRICHMON18;partlycloudy;1472666400
IRICHMON2;partlycloudy;1472666400
IRICHMON21;partlycloudy;1472666400
IRICHMON23;partlycloudy;1472666400
IRICHMON27;partlycloudy;1472666400
IRICHMON29;partlycloudy;1472666400
IRICHMON33;partlycloudy;1472666400
IRICHMON36;partlycloudy;1472666400
IRICHMON40;partlycloudy;1472666400
IRICHMON50;partlycloudy;1472666400
IRICHMON51;partlycloudy;1472666400
IRICHMON55;partlycloudy;1472666400
IRICHMON9;partlycloudy;1472666400
IROMFORD10;partlycloudy;1472666400
IROMFORD11;partlycloudy;1472666400
IROMFORD13;partlycloudy;1472666400
IROMFORD15;partlycloudy;1472666400
IROMFORD19;partlycloudy;1472666400
IROMFORD2;partlycloudy;1472666400
IROMFORD4;partlycloudy;1472666400
IROMFORD7;partlycloudy;1472666400
IRUISLIP10;partlycloudy;1472666400
IRUISLIP12;partlycloudy;1472666400
IRUISLIP13;partlycloudy;1472666400
IRUISLIP17;partlycloudy;1472666400
IRUISLIP21;partlycloudy;1472666400
IRUISLIP6;partlycloudy;1472666400
ISOUTHAL3;partlycloudy;1472666400
ISOUTHAL6;partlycloudy;1472666400
ISOUTHCR2;partlycloudy;1472666400
ISOUTHOC3;chancerain;1472666400
ISOUTHOC4;chancerain;1472666400
ISTANMOR2;partlycloudy;1472666400
ISURREYC11;partlycloudy;1472666400
ISURREYC7;partlycloudy;1472666400
ISURREYE4;partlycloudy;1472666400
ISURREYL5;partlycloudy;1472666400
ITEDDING2;partlycloudy;1472666400
ITEDDING3;partlycloudy;1472666400
ITEDDING4;partlycloudy;1472666400
ITWICKEN15;partlycloudy;1472666400
ITWICKEN19;partlycloudy;1472666400
ITWICKEN21;partlycloudy;1472666400
ITWICKEN5;partlycloudy;1472666400
ITWICKEN6;partlycloudy;1472666400
ITWICKEN8;partlycloudy;1472666400
IUNITEDK105;partlycloudy;1472666400
IUNITEDK45;partlycloudy;1472666400
IUNITEDK540;partlycloudy;1472666400
IUPMINST2;partlycloudy;1472666400
IUXBRIDG10;partlycloudy;1472666400
IUXBRIDG3;partlycloudy;1472666400
IUXBRIDG6;partlycloudy;1472666400
IUXBRIDG7;partlycloudy;1472666400
IWALLING2;partlycloudy;1472666400
IWARLING5;partlycloudy;1472666400
IWATFORD16;partlycloudy;1472666400
IWEMBLEY2;partlycloudy;1472666400
IWEMBLEY7;partlycloudy;1472666400
IWEMBLEY9;partlycloudy;1472666400
IWESTDRA2;partlycloudy;1472666400
IWESTWIC2;partlycloudy;1472666400
IWESTWIC6;partlycloudy;1472666400
IWESTWIC8;partlycloudy;1472666400
IWOLDING2;partlycloudy;1472666400
IWORCEST53;partlycloudy;1472666400
IWORCEST75;partlycloudy;1472666400
IWORCEST77;partlycloudy;1472666400
