ISAINTLA126;clear;1473267600
ISAINTLA124;clear;1473267600
ISAINTLA20;clear;1473267600
ISAINTLA45;clear;1473267600
ISTLAURE3;clear;1473267600
ISAINTLA51;clear;1473267600
ISAINTLA75;clear;1473267600
ISAINTLA8;clear;1473267600
ISAINTLA12;clear;1473267600
ISAINTLA128;clear;1473267600
ISAINTLA53;clear;1473267600
ISAINTLA71;clear;1473267600
ISAINTLA61;clear;1473267600
ISAINTLA147;clear;1473267600
ISTLAURE2;clear;1473267600
ISAINTLA137;clear;1473267600
ICAGNESS26;clear;1473267600
ICAGNESS9;clear;1473267600
ICAGNESS56;clear;1473267600
ICAGNESS24;clear;1473267600
ICAGNESS8;clear;1473267600
ICAGNESS18;clear;1473267600
ICAGNESS32;clear;1473267600
ISAINTLA57;clear;1473267600
ISAINTLA6;clear;1473267600
ISAINTLA26;clear;1473267600
INICE161;clear;1473267600
INICE82;clear;1473267600
ICAGNESS22;clear;1473267600
ISAINTLA102;clear;1473267600
ICAGNESS2;clear;1473267600
ICAGNESS16;clear;1473267600
ICAGNESS30;clear;1473267600
ICAGNESS40;clear;1473267600
ICAGNESS50;clear;1473267600
