ILONDON637;partlycloudy;1473271200
ILONDON630;partlycloudy;1473271200
ILONDON469;partlycloudy;1473271200
ILONDON939;partlycloudy;1473271200
ILONDON578;partlycloudy;1473271200
ILONDON300;partlycloudy;1473271200
ILONDON745;partlycloudy;1473271200
IENGLAND499;partlycloudy;1473271200
ILONDON465;partlycloudy;1473271200
ILONDON849;partlycloudy;1473271200
ILONDON1391;partlycloudy;1473271200
ILONDON107;partlycloudy;1473271200
ILONDON556;partlycloudy;1473271200
IHACKNEY4;partlycloudy;1473271200
ILONDON316;partlycloudy;1473271200
ILONDON899;partlycloudy;1473271200
ILONDON1256;partlycloudy;1473271200
ILONDON1111;partlycloudy;1473271200
ILONDON87;partlycloudy;1473271200
ILONDON672;partlycloudy;1473271200
ILONDON518;partlycloudy;1473271200
ILONDON1120;partlycloudy;1473271200
ILONDON126;partlycloudy;1473271200
ILONDON1113;partlycloudy;1473271200
ILONDON143;partlycloudy;1473271200
ILONDON38;partlycloudy;1473271200
ILONDONL22;partlycloudy;1473271200
ILONDON1141;partlycloudy;1473271200
