ISAINTLA126;partlycloudy;1477674000
ISAINTLA124;partlycloudy;1477674000
ISAINTLA20;partlycloudy;1477674000
ISAINTLA45;partlycloudy;1477674000
ISTLAURE3;clear;1477674000
ISAINTLA51;partlycloudy;1477674000
ISAINTLA75;partlycloudy;1477674000
ISAINTLA8;clear;1477674000
ISAINTLA12;partlycloudy;1477674000
ISAINTLA128;partlycloudy;1477674000
ISAINTLA53;partlycloudy;1477674000
ISAINTLA71;partlycloudy;1477674000
ISAINTLA61;partlycloudy;1477674000
ISAINTLA147;partlycloudy;1477674000
ISTLAURE2;partlycloudy;1477674000
ISAINTLA137;partlycloudy;1477674000
ICAGNESS26;partlycloudy;1477674000
ICAGNESS9;partlycloudy;1477674000
ICAGNESS56;partlycloudy;1477674000
ICAGNESS24;partlycloudy;1477674000
ICAGNESS8;partlycloudy;1477674000
ICAGNESS18;partlycloudy;1477674000
ICAGNESS32;partlycloudy;1477674000
ISAINTLA57;partlycloudy;1477674000
ISAINTLA6;partlycloudy;1477674000
ISAINTLA26;partlycloudy;1477674000
INICE161;partlycloudy;1477674000
INICE82;partlycloudy;1477674000
ICAGNESS22;partlycloudy;1477674000
ISAINTLA102;partlycloudy;1477674000
ICAGNESS2;partlycloudy;1477674000
ICAGNESS16;partlycloudy;1477674000
ICAGNESS30;partlycloudy;1477674000
ICAGNESS40;partlycloudy;1477674000
ICAGNESS50;partlycloudy;1477674000
